ProductName,Stars,Ratings,Current_Price,MRP
Lenovo IdeaPad 3 Core i3 10th Gen,4.3,8,31990,53790
realme Book(Slim) Intel Evo Core i5 11th Gen,4.4,7067,59990,69999
ASUS VivoBook 15 (2022) Core i3 10th Gen,4.3,9970,32990,45990
HP Pavilion Ryzen 5 Hexa Core AMD R5,4.4,11854,52990,63539
Lenovo Intel Celeron Dual Core,4.1,366,28490,40490
ASUS TUF Gaming A17 with 90Whr Battery Ryzen 5 Hexa Core AMD R5,4.4,1340,63990,71990
acer Aspire 3 Ryzen 3 Dual Core 3250U,4.2,263,26990,42999
HP 14s Intel Core i3 11th Gen,4.2,1556,35990,47206
Lenovo V15 G2 Core i3 11th Gen,3.8,22,33999,59760
RedmiBook Pro Core i5 11th Gen,4.1,3641,39990,59999
HP Intel Core i5 11th Gen,4.2,25,52990,56903
HP Ryzen 3 Dual Core 3250U,4.1,1060,29990,43631
HP Ryzen 5 Hexa Core 5500U,4.3,1056,45727,59778
ASUS Vivobook Ultra 14 (2022) Core i5 11th Gen,4.4,153,56990,81990
ASUS VivoBook 14 (2021) Celeron Dual Core,4.1,698,23990,33990
DELL Vostro Core i3 11th Gen,4.2,35,42290,58489
HP 15s Intel Core i3 11th Gen,4.2,328,40990,50585
ASUS Vivobook 15 Touch Core i3 11th Gen,4.3,317,41990,60990
HP 15s Intel Core i5 12th Gen,4.2,1914,56899,70235
Lenovo V15 G2 Core i3 11th Gen,3.9,10,35999,60120
HP Ryzen 5 Hexa Core 5500U,4.3,278,50490,59108
ASUS Vivobook 15 Core i3 10th Gen,4.1,168,33990,50990
HP G8 Ryzen 3 Dual Core AMD Ryzen 3 3250U,0.0,0,28490,40528
Lenovo Celeron Dual Core,3.8,204,19990,36000
HP 14s Intel Core i5 12th Gen,4.2,1284,58899,75191
ASUS Core i7 11th Gen,4.0,89,56990,80990
Infinix INBook X1 Neo Series Celeron Quad Core,4.1,738,20990,29990
Lenovo IdeaPad 3 Core i3 10th Gen,4.3,8,31990,53790
ASUS Vivobook Pro 15 Ryzen 7 Octa Core AMD R7,4.5,755,59990,82990
ASUS Vivobook 15 Core i3 11th Gen,4.2,179,39990,50990
HP Ryzen 5 Hexa Core 5500U,4.3,208,50499,63289
realme Book(Slim) Intel Evo Core i5 11th Gen,4.4,7067,59990,69999
MSI Core i5 11th Gen,4.5,235,59990,78990
DELL Inspiron Core i3 11th Gen,4.2,341,42490,61202
SAMSUNG Galaxy Book Go Snapdragon 7c Gen 2,4.3,102,32990,47990
Lenovo Ryzen 5 Hexa Core 5600H,0.0,0,59490,89490
MSI Bravo 15 Ryzen 5 Hexa Core AMD R5,4.4,2115,49990,72990
ASUS Vivobook 15 Core i3 10th Gen,4.1,168,33990,50990
HP Pavilion Ryzen 5 Hexa Core 5625U,4.3,90,53990,63325
acer Aspire 7 Ryzen 5 Hexa Core 5500U,4.4,5461,58990,89999
Lenovo IdeaPad Gaming Core i5 11th Gen,4.3,2543,52990,76890
Lenovo Intel Core i3 10th Gen,4.3,721,33990,50290
Lenovo Celeron Dual Core,4.0,100,28490,40490
acer Extensa Core i5 11th Gen,3.9,146,42990,57999
DELL Inspiron Core i3 11th Gen,4.3,375,54300,68658
HP 14s Intel Core i3 11th Gen,4.2,3451,41990,49509
DELL Core i5 12th Gen,3.5,11,57990,75649
HP Ryzen 3 Quad Core 5300U,4.2,1824,38490,45991
HP Pavilion Ryzen 5 Hexa Core 5625U,5.0,3,61990,69082
Lenovo IdeaPad 3 Core i3 10th Gen,4.3,6,33990,59390
acer Extensa Core i3 11th Gen,4.3,362,32990,39999
Lenovo IdeaPad 3 Core i3 10th Gen,4.3,8,31990,53790
ASUS VivoBook K15 OLED (2022) Ryzen 5 Hexa Core AMD R5,4.4,1128,53990,78990
HP 15s Intel Core i3 12th Gen,4.2,39,47490,56260
ASUS Vivobook Pro 15 Ryzen 7 Octa Core AMD R7,4.5,755,59990,82990
realme Book(Slim) Intel Evo Core i5 11th Gen,4.4,7067,59990,69999
ASUS Vivobook 15 Core i5 11th Gen,4.3,121,50990,69990
ASUS Vivobook 15 Core i5 12th Gen,3.5,11,59490,72990
ASUS Vivobook 15 Touch Core i5 11th Gen,4.3,135,51990,74990
Lenovo Ryzen 5 Hexa Core 5600H,0.0,0,59490,89490
ASUS VivoBook K15 OLED (2022) Core i3 11th Gen,4.5,605,45990,62990
ASUS VivoBook 14 (2022) Ryzen 5 Quad Core AMD R5,4.2,391,38990,57990
ASUS Vivobook 14 (2022) Core i5 12th Gen,4.2,10,56990,70990
ASUS Vivobook 15 Core i5 11th Gen,4.2,149,50990,69990
Lenovo Ideapad Gaming 3 Ryzen 5 Hexa Core AMD R5,4.4,424,58490,76890
ASUS VivoBook K15 OLED Ryzen 5 Hexa Core AMD R5,4.5,742,58990,80990
HP Victus Ryzen 5 Hexa Core 5600H,5.0,5,59990,76021
DELL Inspiron Ryzen 5 Hexa Core 5625U,4.2,18,52490,69031
acer Aspire Core i3 12th Gen,4.3,34,42990,54999
DELL Core i5 12th Gen,3.4,11,57990,80473
Lenovo IdeaPad Ryzen 5 Hexa Core 5500U,4.6,7,48990,90990
MSI Core i5 11th Gen,4.4,2501,63990,83990
Lenovo IdeaPad Core i5 11th Gen,4.3,2543,54990,83890
ASUS VivoBook K15 OLED (2022) Core i5 11th Gen,4.3,639,64990,85990
ASUS Vivobook Pro 15 OLED Ryzen 7 Octa Core AMD R7,4.5,618,65990,88990
Lenovo IdeaPad 3 Core i3 10th Gen,4.3,8,31990,53790
ASUS Vivobook 14 (2022) Core i5 12th Gen,4.8,14,66990,82990
acer Aspire 7 Ryzen 5 Hexa Core AMD R5,4.4,5461,54990,76999
ASUS Vivobook 16X Ryzen 5 Hexa Core R5,4.9,7,54990,74990
realme Book(Slim) Intel Evo Core i5 11th Gen,4.4,7067,59990,69999
ASUS Vivobook 14 Pentium Quad Core,0.0,0,32311,40990
ASUS TUF Gaming F15 Core i5 10th Gen,4.5,116,65990,84990
acer Extensa Core i3 11th Gen,4.1,709,34990,43999
ASUS VivoBook K15 OLED Ryzen 7 Octa Core AMD R7,4.3,1008,63990,86990
ASUS VivoBook Flip 14 Core i3 11th Gen,4.4,124,44990,63990
acer Aspire 3 Dual Core 3020e,4.1,656,24990,34999
HP Pavilion Intel Core i5 12th Gen,4.2,124,63990,73688
ASUS TUF Gaming A15 Ryzen 5 Hexa Core AMD R5,4.5,248,65990,75990
ASUS TUF Gaming F15 Core i5 10th Gen,4.4,147,65990,84990
Lenovo IdeaPad Core i5 11th Gen,4.4,41,59990,97890
ASUS VivoBook K15 OLED Ryzen 7 Octa Core AMD R7,4.3,1008,63990,86990
HP Victus Ryzen 7 Octa Core 5800H,0.0,0,66990,90056
ASUS VivoBook 15 (2022) Core i5 10th Gen,4.3,6061,46990,62990
Lenovo Intel Core i3 11th Gen,4.0,22,40990,61390
HP Victus Ryzen 5 Hexa Core 5600H,5.0,5,59990,76021
ASUS VivoBook 14 (2022) Core i3 12th Gen,4.1,31,47990,62990
ASUS VivoBook Flip 14 Core i3 11th Gen,4.0,141,49990,69990
DELL Inspiron Ryzen 3 Dual Core 3250U,4.3,76,41190,54435
HP Laptop with Backlit Keyboard Core i3 11th Gen,4.4,37,43499,51724
Lenovo IdeaPad 3 Core i3 10th Gen,4.3,8,31990,53790
ASUS Core i3 12th Gen,3.9,18,44990,54990
ASUS VivoBook Ultra Ryzen 7 Octa Core AMD R7,4.3,74,57990,84990
Lenovo Ideapad Slim 3 Core i3 10th Gen,4.4,228,35990,61490
realme Book(Slim) Intel Evo Core i5 11th Gen,4.4,7067,59990,69999
DELL Ryzen 3 Quad Core 5425U,4.4,41,41490,56834
Lenovo IdeaPad Gaming 3 Core i5 11th Gen,4.4,373,64990,93690
ASUS VivoBook K15 OLED (2022) Core i3 11th Gen,4.4,1412,42990,58990
Infinix INBook X2 Plus Core i3 11th Gen,4.1,77,37990,44990
ASUS VivoBook Flip 14 Core i5 11th Gen,4.8,20,63990,82990
ASUS Chromebook Flip Touch Celeron Dual Core,4.0,1741,15990,31990
MSI Core i7 12th Gen,0.0,0,68490,83990
ASUS Ryzen 5 Hexa Core,4.6,20,54990,72994
DELL Inspiron Pentium Silver,4.1,328,32000,44319
ASUS Vivobook Pro 15 OLED Ryzen 7 Octa Core AMD R7,4.5,618,65990,88990
Lenovo IdeaPad Slim 5 Ryzen 7 Hexa Core 5700U,0.0,0,65990,93690
Lenovo IdeaPad 3 Core i3 11th Gen,4.2,4491,40990,59390
Lenovo IdeaPad 3 Ryzen 5 Hexa Core 5500U,4.3,1568,48990,68490
Lenovo IdeaPad 1 Ryzen 3 Dual Core 3250U,4.2,744,37990,54490
Infinix INBook X1 Core i5 10th Gen,4.1,1686,47999,59999
Lenovo IdeaPad 3 Ryzen 5 Hexa Core 5500U,4.3,1568,48990,68490
Lenovo IdeaPad 1 Ryzen 3 Dual Core 3250U,4.2,744,37990,54490
Lenovo IdeaPad 3 Core i3 10th Gen,4.3,8,31990,53790
ASUS Vivobook 14 Core i5 10th Gen,3.5,11,49490,73990
ASUS Eeebook 14 Pentium Quad Core,0.0,0,28990,40990
ASUS Vivobook 14 (2022) Core i5 12th Gen,5.0,4,66990,82990
realme Book(Slim) Intel Evo Core i5 11th Gen,4.4,7067,59990,69999
Lenovo V15 G2 Core i5 11th Gen,0.0,0,49490,81450
DELL Inspiron Ryzen 3 Dual Core 3250U,4.5,11,36690,52433
ASUS EeeBook 14 with NumberPad Pentium Silver,4.1,104,27990,40990
acer Aspire Ryzen 5 Quad Core 3500U,4.2,325,35990,54999
Lenovo Core i3 11th Gen,0.0,0,38790,58680
acer Extensa 15 Core i3 11th Gen,4.1,188,32490,44999
DELL Inspiron Ryzen 3 Quad Core 5425U,3.9,8,44190,56748
ASUS VivoBook 14 (2022) Core i3 12th Gen,4.2,40,47990,62990
ASUS Vivobook Ultra 14 (2022) Core i3 11th Gen,4.3,364,40990,58990
Infinix X1 Slim Series Core i3 10th Gen,4.3,4244,35990,49999
DELL Vostro Core i3 10th Gen,4.0,207,41990,54783
ASUS Vivobook 14 (2022) Core i3 12th Gen,0.0,0,49990,62990
Lenovo IdeaPad 3 Core i5 11th Gen,4.2,268,55490,71990
ASUS VivoBook K15 OLED (2022) Core i3 11th Gen,4.4,1412,55000,58990
HP 255 G8 Ryzen 3 Dual Core AMD Ryzen3 3250,4.5,4,34190,44912
ASUS VivoBook Flip 14 Core i3 11th Gen,4.4,124,44990,66990
HP Ryzen 7 Octa Core 5700U,4.0,6,64990,71766
Lenovo IdeaPad 3 Core i3 10th Gen,4.3,8,31990,53790
HP Ryzen 5 Hexa Core 5500U,4.2,1884,46329,61388
Lenovo Core i3 11th Gen,4.0,47,40990,90990
acer Nitro 5 Ryzen 5 Hexa Core 5600H,4.5,298,63990,95999
realme Book(Slim) Intel Evo Core i5 11th Gen,4.4,7067,59990,69999
DELL Core i3 11th Gen,4.2,67,60900,73600
DELL Core i3 11th Gen,0.0,0,45990,58200
HP 15s Intel Core i3 11th Gen,4.4,79,39890,47264
ASUS Core i3 10th Gen,4.4,91,33990,50990
Infinix X1 Slim Series Core i5 10th Gen,4.2,396,49990,64999
DELL Vostro Ryzen 3 Dual Core R3,3.8,449,36400,50651
Lenovo IdeaPad 1 Ryzen 5 Quad Core 3500U,4.2,658,45490,60090
Lenovo Ideapad AMD Ryzen 5 Hexa Core 5500U,4.5,17,48990,68490
HP Intel Core i3 11th Gen,4.4,5462,40990,45892
ASUS Core i3 11th Gen,4.0,102,33990,44990
DELL Inspiron Core i3 10th Gen,4.4,683,39890,44634
HP Ryzen 7 Octa Core 5700U,4.2,117,60990,73625
acer Nitro 5 Ryzen 5 Hexa Core 4600H,4.5,2345,61490,99999
HP 15s Intel Core i3 11th Gen,4.3,1588,44650,50982
Infinix INBook X2 Plus Core i3 11th Gen,4.1,146,40990,49990
ASUS Core i3 12th Gen,3.8,4,42990,57990
HP Core i3 11th Gen,0.0,0,43250,51724
ASUS Ryzen 3 Dual Core,0.0,0,33990,48990
Lenovo IdeaPad 3 Core i3 10th Gen,4.3,8,31990,53790
Infinix INBook X1 Neo Series Celeron Quad Core,4.2,3431,24999,39990
Lenovo IdeaPad Gaming 3 Ryzen 5 Hexa Core AMD R5,4.1,34,65990,95790
Infinix X1 Slim Series Core i7 10th Gen,3.7,111,54990,69999
realme Book(Slim) Intel Evo Core i5 11th Gen,4.4,7067,59990,69999
acer Aspire 7 Core i5 12th Gen,4.3,2969,57990,83999
DELL Inspiron Core i5 11th Gen,4.1,75,69890,87600
Lenovo IdeaPad 3 Core i3 11th Gen,0.0,0,37490,61590
DELL Inspiron Core i5 12th Gen,0.0,0,65390,85751
Lenovo IdeaPad 3 Core i5 12th Gen,4.2,236,62490,76890
Lenovo IdeaPad Flex 5 Ryzen 5 Hexa Core 5500U,0.0,0,63990,95090
HP Victus Ryzen 7 Octa Core 5800H,0.0,0,68990,86547
ASUS VivoBook Flip 14 Core i3 11th Gen,4.0,141,49990,67990
Infinix X1 Slim Series Core i5 10th Gen,4.2,697,44990,59999
Vaio E Series Ryzen 5 Quad Core 3500U,4.0,706,41990,66990
ASUS Vivobook Ultra 14 (2022) Core i3 11th Gen,4.3,364,40990,58990
DELL Inspiron Core i5 11th Gen,4.2,17,49890,90783
DELL Inspiron Core i3 11th Gen,3.7,683,39690,51493
acer Aspire Vero (Green PC) Core i5 11th Gen,0.0,0,54990,79999
ASUS Vivobook 15 Core i3 11th Gen,4.4,35,39990,56990
Infinix INBook X1 Neo Series Celeron Quad Core,4.1,738,20990,29990
HP G8 Core i3 11th Gen,4.0,40,34690,45743
DELL Inspiron Core i5 11th Gen,3.7,10,57990,73171
Lenovo IdeaPad 3 Core i3 10th Gen,4.3,8,31990,53790
DELL Inspiron Core i3 11th Gen,4.3,245,61900,72600
acer Aspire 5 Core i5 12th Gen,0.0,0,57990,74999
DELL Inspiron Core i3 11th Gen,3.1,15,44290,55047
realme Book(Slim) Intel Evo Core i5 11th Gen,4.4,7067,59990,69999
ASUS Vivobook K15 OLED Ryzen 5 Hexa Core AMD R5,4.5,742,58990,80990
DELL Vostro Core i3 10th Gen,4.2,50,42490,57858
HP 15s Core i3 11th Gen,0.0,0,37770,48052
Lenovo IdeaPad Ryzen 5 Hexa Core 5500U,4.1,54,50990,67990
DELL Core i5 12th Gen,4.0,7,61490,79928
HP Pavilion Gaming Ryzen 5 Quad Core 3550H,4.4,2207,59990,0
ASUS VivoBook K15 OLED Ryzen 7 Octa Core AMD R7,4.6,58,63990,86990
DELL Ryzen 3 Quad Core 5425U,4.6,7,43490,55384
DELL Vostro Core i3 11th Gen,4.1,9,42890,44427
Lenovo IdeaPad 3 Celeron Dual Core 4th Gen,4.1,933,25990,40490
Infinix X1 Slim Series Core i3 10th Gen,4.3,4244,35990,49999
HP 15s Intel Core i3 11th Gen,4.2,230,41999,47834
Lenovo IdeaPad 3 Core i5 12th Gen,4.1,78,66490,82490
DELL Vostro Core i3 10th Gen,4.2,904,42490,54781
Lenovo Core i3 11th Gen,4.1,26,40699,55695
ASUS TUF Gaming A17 Ryzen 5 Hexa Core AMD R5,4.5,531,64590,81990
Lenovo Ryzen 3 Dual Core 3250U,3.6,84,31490,36923
DELL Inspiron Ryzen 3 Dual Core 3250U,4.2,26,44090,56771
HP Athlon Dual Core 3050U,4.0,848,29490,39288
Lenovo IdeaPad 3 Core i3 10th Gen,4.3,8,31990,53790
DELL Inspiron Core i3 10th Gen,4.1,993,45390,60490
HP Ryzen 3 Quad Core 5300U,4.3,1974,41990,52900
DELL Vostro Ryzen 3 Dual Core 3250U,4.1,68,42190,51105
realme Book(Slim) Intel Evo Core i5 11th Gen,4.4,7067,59990,69999
DELL Vostro Ryzen 5 Hexa Core 5625U,0.0,0,67115,82373
DELL Core i3 12th Gen,4.0,9,47990,55047
HP 14s Intel Celeron Dual Core,3.8,354,27891,36865
MSI Ryzen 7 Octa Core 5700U,4.2,113,52990,78990
ASUS Core i3 11th Gen,0.0,0,35990,52990
MSI Bravo Ryzen 5 Hexa Core 5600H,4.4,2115,58500,83990
HP Athlon Dual Core 3050U,4.3,25,25612,31690
DELL Inspiron Core i3 11th Gen,4.0,53,43490,56776
ASUS VivoBook 15 (2022) Core i3 10th Gen,4.3,9970,35990,50990
ASUS Vivobook 15 Ryzen 3 Dual Core AMD R3,4.3,398,34990,46990
acer Aspire 7 Core i5 12th Gen,4.3,2969,61990,94999
Lenovo IdeaPad 3 Core i3 10th Gen,4.4,798,31990,36133
DELL Vostro 3405 Athlon Dual Core 3050,4.1,488,28290,39874
MSI GF63 Thin Hexa Core i5 10th Gen,4.4,3387,54490,76990
Lenovo Core i3 10th Gen,4.3,768,38990,62190
DELL Inspiron Core i5 11th Gen,4.3,505,60390,65321
Avita Pura E,0.0,0,29990,47990
SAMSUNG Galaxy Book2 Core i5 12th Gen,4.6,78,61990,79990
HP Pavilion Ryzen 5 Hexa Core AMD R5,4.5,95,63990,73544
Lenovo IdeaPad 3 Core i3 10th Gen,4.3,8,31990,53790
ASUS Vivobook AMD R5 5600H Ryzen 5 Hexa Core 10th Gen,0.0,0,54980,74990
HP Pavilion Ryzen 5 Hexa Core 5625U,4.2,264,55200,64491
HP 15s Intel Core i3 11th Gen,4.1,131,41490,51470
realme Book(Slim) Intel Evo Core i5 11th Gen,4.4,7067,59990,69999
acer Aspire 3 Pentium Silver,4.0,19,26490,32990
DELL Core i5 11th Gen,4.0,3,59390,74619
Lenovo Ryzen 5 Hexa Core 5600H,0.0,0,59490,89490
DELL Inspiron Ryzen 7 Octa Core 5825U,4.0,25,66190,85550
DELL Core i3 11th Gen,4.2,6,42500,55350
acer Aspire 7 Core i5 12th Gen,4.3,285,69990,88999
DELL Core i3 12th Gen,4.0,9,47990,55047
Lenovo IdeaPad Core i3 10th Gen,4.2,64,35990,53790
DELL Inspiron Core i3 10th Gen,4.2,68,46880,63200
MSI Ryzen 7 Octa Core 5700U,4.2,113,52990,78990
ASUS Core i3 11th Gen,0.0,0,35990,52990
Infinix X1 Slim Series Core i5 10th Gen,4.2,697,44990,59999
Lenovo IdeaPad 3 Ryzen 3 Dual Core 3250U,4.4,112,37990,43990
acer Nitro 5 Ryzen 5 Hexa Core AMD R5,4.3,214,67990,92999
acer Aspire 3 Core i3 11th Gen,4.1,61,35500,50000
Lenovo Athlon Dual Core 3050U,4.3,8,20990,35000
acer Nitro 5 Ryzen 5 Hexa Core AMD R5,4.3,214,67990,92999
acer Aspire 3 Pentium Silver,4.0,19,28490,36990
Lenovo IdeaPad 3 Core i3 10th Gen,4.3,8,31990,53790
HP 15s Intel Core i5 12th Gen,4.2,111,66000,72210
DELL Inspiron Core i3 10th Gen,4.2,68,46880,63200
ASUS Ryzen 5 Dual Core 5th Gen,4.6,9,61990,76990
realme Book(Slim) Intel Evo Core i5 11th Gen,4.4,7067,59990,69999
acer Nitro 5 Core i5 11th Gen,4.6,11,63999,99990
DELL Core i3 12th Gen,4.0,9,47990,55047
acer Aspire 5 Ryzen 7 Octa Core 5700U,5.0,3,59990,79999
ASUS Vivobook 14 (2022) Core i3 12th Gen,4.2,11,49990,62990
Avita SATUS S111 Celeron Dual Core,3.9,646,16990,29990
DELL Core i3 11th Gen,4.2,6,42500,55350
DELL Vostro Core i3 11th Gen,4.2,533,41290,55347
DELL Inspiron Core i3 11th Gen,4.4,126,45990,46156
acer Aspire 3 Pentium Silver,4.0,19,26490,32990
ASUS Vivobook AMD R5 5600H Ryzen 5 Hexa Core 10th Gen,0.0,0,54980,74990
MSI Core i5 12th Gen,0.0,0,58490,72990
DELL Inspiron Core i5 11th Gen,0.0,0,65359,83034
Nokia PureBook X14 Core i5 10th Gen,4.4,1498,50490,90000
HP Ryzen 3 Dual Core 3250U,4.3,3850,37990,46052
Infinix INBook X2 Plus Core i3 11th Gen,4.1,146,40990,49990
Lenovo IdeaPad 3 Dual Core 3020e,4.1,113,27990,38390
acer Swift 3 Ryzen 5 Hexa Core 5500U,4.5,29,62500,89999
Lenovo Ideapad Slim 3i (2021) Core i3 10th Gen,3.9,50,40200,49999
Lenovo IdeaPad 3 Core i3 10th Gen,4.3,8,31990,53790
Lenovo Core i5 11th Gen,0.0,0,58226,89990
HP Pavilion Intel Core i5 12th Gen,4.0,109,63990,75799
ASUS Core i5 10th Gen,0.0,0,69088,80990
realme Book(Slim) Intel Evo Core i5 11th Gen,4.4,7067,59990,69999
DELL Core i3 12th Gen,4.7,3,50090,64133
DELL Inspiron Ryzen 5 Quad Core 3450U,4.0,318,44990,56573
ASUS Chromebook Celeron Dual Core,4.1,208,25990,29990
HP HP 250 G7 Core i5 10th Gen,0.0,0,54890,76800
ASUS ExpertBook P1 Core i5 10th Gen,0.0,0,61249,68990
DELL Ryzen 5 Quad Core,4.6,5,52990,66560
Lenovo Intel Core i5 11th Gen,4.4,373,68990,79890
ASUS ExpertBook P2 Core i5 10th Gen,0.0,0,69290,77990
HP 14s Ryzen 5 Hexa Core 5500U,4.4,789,52490,56162
DELL Inspiron Ryzen 5 Quad Core 3450U,4.0,122,49890,63973
ASUS ExpertBook P1 Core i5 10th Gen,3.9,10,62490,70990
DELL Vostro Core i5 12th Gen,0.0,0,69160,89694
SAMSUNG Core i5 12th Gen,4.5,13,59990,67990
DELL Inspiron 3000 Core i3 11th Gen,3.9,84,38170,58229
Nokia PureBook S14 Core i5 11th Gen,4.0,815,40990,82990
acer Nitro 5 Ryzen 5 Hexa Core AMD R5,4.5,298,59990,79999
Infinix X1 Slim Series Core i5 10th Gen,4.2,396,49990,64999
ASUS VivoBook 14 (2022) Core i5 12th Gen,4.3,12,62990,82990
Lenovo IdeaPad 3 Core i3 10th Gen,4.3,8,31990,53790
HP Ryzen 3 Hexa Core 4th Gen,0.0,0,60990,68360
DELL Ryzen 5 Quad Core,4.6,5,52990,66560
SAMSUNG Core i5 12th Gen,4.5,13,59990,67990
realme Book(Slim) Intel Evo Core i5 11th Gen,4.4,7067,59990,69999
DELL Vostro Ryzen 5 Quad Core 3500U,4.4,15,49690,61740
Mi Notebook Horizon Edition 14 Core i7 10th Gen,4.2,567,59990,65999
Lenovo Core i3 11th Gen,4.3,164,38990,51544
Lenovo Ryzen 5 Hexa Core 5600H,0.0,0,59490,89490
DELL Inspiron Core i5 11th Gen,0.0,0,68490,84173
MSI GL Core i7 7th Gen,3.5,6,59990,79257
Infinix INBook X2 Plus Core i7 11th Gen,4.5,22,57990,79990
Lenovo IdeaPad Gaming 3 Core i5 11th Gen,4.1,44,58900,93690
ASUS (2022) Celeron Dual Core,4.2,59,29990,36990
ASUS (2022) Celeron Dual Core,4.1,191,24990,30990
DELL Inspiron Core i3 10th Gen,4.1,238,42990,48900
DELL Vostro Core i3 11th Gen,3.9,299,42390,44780
HP Pavilion Gaming Ryzen 5 Hexa Core AMD R5,4.0,68,57690,73856
ASUS VivoBook Ultra 14 (2021) Core i5 11th Gen,4.4,670,55990,80990
ASUS Vivobook Ultra 14 (2022) Core i3 11th Gen,4.3,222,44990,56990
acer Aspire 5 Core i5 12th Gen,0.0,0,57990,73999
acer Aspire 3 Ryzen 3 Dual Core 3250U,4.1,262,35990,44999
DELL Inspiron Core i5 11th Gen,4.3,118,69990,89489
Lenovo Ideapad Gaming 3 Ryzen 5 Hexa Core 4600H,4.5,1763,62490,63104
Lenovo IdeaPad 3 Core i3 10th Gen,4.3,8,31990,53790
ASUS TUF Gaming F15 Core i5 10th Gen,4.4,147,59990,84990
ASUS Core i5 11th Gen,0.0,0,45990,65990
acer Swift 5 Core i5 8th Gen,4.2,6,69351,87999
realme Book(Slim) Intel Evo Core i5 11th Gen,4.4,7067,59990,69999
Lenovo Core i3 10th Gen,5.0,4,38980,56800
acer Aspire 5 Core i5 11th Gen,4.5,83,60990,69999
DELL Ryzen 5 Hexa Core,0.0,0,67490,84879
Lenovo Ryzen 5 Hexa Core 5600H,0.0,0,59490,89490
DELL Core i5 11th Gen,3.5,6,62490,75325
DELL Inspiron Core i3 10th Gen,4.2,44,46400,56200
HP Pavilion Intel Core i3 11th Gen,4.3,7,54490,65628
acer Aspire 3 Core i3 11th Gen,4.2,125,39244,50000
ASUS VivoBook 15 (2022) Core i3 11th Gen,4.3,885,39990,54990
ASUS Pentium Quad Core,3.7,3184,25990,30990
Infinix X1 Slim Series Core i5 10th Gen,4.2,697,44990,59999
Lenovo Ideapad Gaming 3 Ryzen 5 Hexa Core 4600H,4.5,908,60490,85290
Lenovo Core i3 11th Gen,4.3,222,37490,49096
DELL Inspiron Pentium Quad Core,4.2,123,35500,43000
Lenovo Core i3 10th Gen,5.0,1,37890,48900
ASUS Vivobook Gaming Core i7 10th Gen,4.3,76,65990,88990
ASUS TUF GAMING A15 Ryzen 5 Hexa Core 4600H,0.0,0,65990,75990
Lenovo IdeaPad Flex 5 Ryzen 5 Hexa Core 5500U,0.0,0,63990,95090
ASUS VivoBook 15 Ryzen 3 Dual Core AMD R3,4.3,1650,26990,42990
Lenovo IdeaPad 3 Core i3 10th Gen,4.3,8,31990,53790
MSI GF63 Thin Core i5 11th Gen,4.4,2501,59990,83990
acer Ryzen 3 Dual Core 3250U,4.0,300,29990,43999
HP Pavilion Core i5 11th Gen,0.0,0,64990,87717
realme Book(Slim) Intel Evo Core i5 11th Gen,4.4,7067,59990,69999
ASUS Vivobook 11 Celeron Dual Core,0.0,0,24990,28990
MSI Modern 14 Core i5 10th Gen,4.4,1122,43990,61990
ASUS VivoBook Flip 14 Core i5 11th Gen,4.5,65,69990,82990
Lenovo Ryzen 5 Hexa Core 5600H,0.0,0,59490,89490
HP Ryzen 3 Quad Core 5th Gen,0.0,0,40490,47870
HP HP Pavilion Ryzen 5 Hexa Core AMD R5,4.4,2501,66990,76020
acer Aspire 5 Core i5 11th Gen,4.0,564,47130,54999
acer Nitro 5 Ryzen 5 Hexa Core 5600H,4.3,214,68990,99999
SAMSUNG Galaxy Book2 Core i5 12th Gen,4.2,38,69990,88990
DELL Inspiron Ryzen 5 Hexa Core 5625U,0.0,0,59999,75828
HP Pavilion Ryzen 5 Hexa Core 5500U,4.2,123,64490,74839
DELL Insprion 3511 Core i3 11th Gen,3.5,26,41990,52800
DELL Vostro Ryzen 5 Hexa Core 5625U,0.0,0,63331,76473
HP G8 Ryzen 3 Dual Core AMD Ryzen 3 3250U 3rd Gen,0.0,0,28790,40528
Lenovo IdeaPad 5 Pro Core i5 11th Gen,4.1,22,69000,113290
Infinix X1 Slim Series Core i3 10th Gen,4.3,4244,35990,49999
HP Pavilion x360 Core i3 12th Gen,0.0,0,59990,65628
Infinix X1 Slim Series Core i7 10th Gen,3.7,111,54990,69999
DELL Inspiron Ryzen 5 Hexa Core 5625U,0.0,0,51990,64981
Lenovo IdeaPad 3 Core i3 10th Gen,4.3,8,31990,53790
ASUS VivoBook Flip 14 Core i5 11th Gen,4.5,65,69990,82990
DELL Vostro Ryzen 5 Hexa Core 5625U,0.0,0,63331,76473
HP 15s Core i3 10th Gen,4.1,1143,40250,43090
realme Book(Slim) Intel Evo Core i5 11th Gen,4.4,7067,59990,69999
Lenovo Intel Core i5 11th Gen,4.3,3,68990,99290
Lenovo Athlon Dual Core 3050U,4.0,8,18990,29999
HP Celeron Dual Core,3.5,42,25999,36965
DELL Inspiron 3511 Core i3 11th Gen,0.0,0,46890,60371
Infinix X1 Slim Series Core i3 10th Gen,4.3,4244,35990,49999
HP 15s Intel Core i5 11th Gen,4.3,941,54450,70171
DELL Insprion Core i7 7th Gen,4.0,371,61658,69999
HP Pavilion Intel Core i5 11th Gen,3.8,21,69490,85837
ASUS TUF GAMING A15 Ryzen 5 Hexa Core 4600H,0.0,0,65990,75990
ASUS Ryzen 5 Hexa Core,0.0,0,69092,75500
DELL Core i3 12th Gen,0.0,0,64490,81586
Infinix INBook X2 Plus Core i5 11th Gen,4.3,36,47990,54990
DELL Core i5 11th Gen,0.0,0,68866,88400
HP Pavilion Ryzen 5 Hexa Core 5625U,4.1,65,63490,73532
HP Pavilion Ryzen 5 Hexa Core 5500U,4.2,123,64490,74839
ASUS Vivobook 11 Celeron Dual Core,0.0,0,24990,28990
acer Aspire 3 Ryzen 3 Dual Core R33250U,3.6,134,34630,49999
Vaio SE Series Core i5 8th Gen,3.8,84,62890,84690
DELL Core i5 11th Gen,0.0,0,60790,81227
Lenovo IdeaPad 3 Core i3 10th Gen,4.3,8,31990,53790
DELL Inspiron 3505 Ryzen 7 Quad Core 3700U,4.4,76,71000,0
acer Aspire 3 Pentium Quad Core,0.0,0,37990,0
ASUS Core i3 11th Gen,0.0,0,42990,58990
realme Book(Slim) Intel Evo Core i5 11th Gen,4.4,7067,59990,69999
HP 430 G8 Core i5 11th Gen,0.0,0,68841,98000
HP 15,4.5,1243,58500,70172
HP Laptop Core i3 11th Gen,0.0,0,43650,51449
Lenovo Ryzen 5 Hexa Core 5600H,0.0,0,59490,89490
ASUS Vivobook 15 Core i3 11th Gen,3.7,10,36500,52990
Lenovo IdeaPad Core i3 11th Gen,3.7,128,37990,57990
HP Ryzen 3 Dual Core 3250U,3.7,35,29997,43628
acer Chromebook Celeron Dual Core,3.5,65,24490,27000
Lenovo IdeaPad Gaming Ryzen 5 Hexa Core 4600H,4.5,190,60490,83890
HP Pavilion Ryzen 5 Hexa Core 5500U,4.4,568,56960,67931
DELL Vostro Ryzen 5 Hexa Core 5625U,0.0,0,61088,79292
ASUS Chromebook Flip Touch Celeron Dual Core,4.0,899,24990,29990
HP Core i3 11th Gen,3.8,111,42490,52890
acer Aspire 5 Core i5 8th Gen,4.0,121,59990,62511
Lenovo B50,3.8,78,52490,0
DELL Inspiron 3501 Core i3 10th Gen,4.3,4,41890,55534
ASUS Vivobook 15 Core i5 12th Gen,0.0,0,58990,70990
HP Laptop Ryzen 3 Quad Core 5300U,0.0,0,39990,48419
DELL Vostro Ryzen 5 Hexa Core 5625U,0.0,0,61088,79292
Lenovo IdeaPad 3 Core i3 10th Gen,4.3,8,31990,53790
DELL Vostro 3000 Core i5 8th Gen,4.0,1371,45126,45174
Lenovo B50,3.8,78,52490,0
HP Pavilion Intel Core i3 11th Gen,4.2,44,58888,69276
realme Book(Slim) Intel Evo Core i5 11th Gen,4.4,7067,59990,69999
Lenovo IdeaPad Core i3 11th Gen,3.7,128,37990,57990
HP 15s Ryzen 3 Quad Core 5300U,4.3,273,40499,52900
Lenovo IdeaPad Flex 3 Chromebook Celeron Dual Core,3.6,152,28490,40490
acer Aspire 3 Core i3 11th Gen,4.2,42,42490,49999
HP 14s Ryzen 5 Quad Core 3500U 3rd Gen,4.5,2142,49290,53238
HP 15q Ryzen 5 Quad Core 2500U,4.0,439,24990,46412
acer Chromebook Celeron Dual Core,3.5,65,24490,27000
ASUS Core i3 11th Gen,0.0,0,42990,58990
acer Aspire 5 Core i5 8th Gen,4.0,121,59990,62511
Lenovo IdeaPad Gaming Ryzen 5 Hexa Core 4600H,4.5,190,60490,83890
Vaio SE Series Core i5 8th Gen,3.8,84,62890,84690
ASUS TUF Gaming F15 Core i5 10th Gen,4.3,495,61986,77990
HP Pavilion Ryzen 5 Hexa Core 5500U,4.4,209,54360,70419
Lenovo Ideapad 520 Core i5 8th Gen,3.3,4,64821,79090
Lenovo Ideapad 330s Core i5 8th Gen,4.0,21,56990,62594
HP Laptop Ryzen 3 Quad Core 5300U,0.0,0,40960,50565
Infinix ZERO BOOK Series Laptop Intel Core i7 12th Gen,0.0,0,64990,99990
MSI GF63 Thin Core i7 10th Gen,4.3,1167,63990,83990
Lenovo IdeaPad 3 Core i3 10th Gen,4.3,8,31990,53790
ASUS TUF GAMING A15 Ryzen 7 Octa Core 4800H,0.0,0,86500,92990
acer Aspire 7 Core i5 9th Gen,4.4,2952,57090,84999
Lenovo IdeaPad Ryzen 5 Hexa Core 5500U,4.2,115,57990,78290
realme Book(Slim) Intel Evo Core i5 11th Gen,4.4,7067,59990,69999
Lenovo IdeaPad 3 Core i3 11th Gen,0.0,0,47500,51000
Avita Liber Core i5 10th Gen,4.2,1350,38490,52990
HP Ryzen 3 Dual Core,4.7,3,36600,42150
SAMSUNG Core i5 12th Gen,3.8,5,63990,70990
Primebook 4G Enabled Android Based MediaTek Kompanio 500,0.0,0,24990,0
HP Core i3 11th Gen,4.0,4,43500,51812
DELL Inspiron 3510 Pentium Quad Core 11th Gen,0.0,0,35500,40000
ASUS EeeBook 12 Celeron Dual Core 4th Gen,3.9,197,20990,25990
Lenovo Ideapad Gaming 3 Ryzen 5 Hexa Core 4600H,4.3,402,56990,76890
HP 14s Core i3 11th Gen,4.3,442,45450,53823
ASUS VivoBook S14 Core i7 8th Gen,4.4,991,67990,98990
ASUS EeeBook 12 Celeron Dual Core,4.2,13,21990,27990
HP Core i5 11th Gen,4.2,279,51890,65444
MSI GF63 Thin Core i5 10th Gen,4.1,1231,54450,72990
HP 15s Core i3 10th Gen,3.6,132,41990,44908
HP Ryzen 3 Dual Core,4.7,3,36600,42150
acer P2 Series Core i5 10th Gen,4.1,295,47990,59500
realme Book(Slim) Intel Evo Core i5 11th Gen,4.4,7067,59990,69999
ASUS Core i5 12th Gen,0.0,0,56490,71000
Lenovo Ideapad S340 Core i3 10th Gen,4.2,525,42490,58490
ASUS ExpertBook P1 Core i3 10th Gen,3.8,189,32990,39990
Lenovo Ryzen 5 Hexa Core 5600H,0.0,0,59490,89490
Ultimus S152 Celeron Dual Core,0.0,0,23990,29999
ASUS Chromebook Celeron Dual Core,3.6,385,18990,22990
HP 14s Intel Pentium Quad Core,4.0,447,29890,39288
ASUS Pentium Quad Core 10th Gen,0.0,0,39500,69500
DELL Core i5 11th Gen,0.0,0,67989,88546
ASUS Vivobook Core i3 11th Gen,4.5,79,34990,44990
HP Pavilion Intel Core i5 11th Gen,4.1,41,66890,86500
Lenovo Intel Core i5 11th Gen,4.3,3,68989,99290
DELL Core i3 11th Gen,0.0,0,45990,61202
ASUS Zenbook 13 Intel EVO Core i5 11th Gen,4.4,70,65900,90000
ASUS Vivobook 15 Core i5 10th Gen,4.2,110,50000,59999
HP Victus Ryzen 5 Hexa Core 5600H,4.0,9,68400,76021
DELL Inspiron Core i5 11th Gen,4.5,122,67990,88999
HP 15s Ryzen 3 Dual Core 3250U,4.3,4437,44990,48248
Lenovo Ideapad Slim 5 Ryzen 7 Octa Core 5700U,4.4,257,65900,89990
acer Travelmate Core i5 11th Gen,4.4,34,61990,85000
ASUS Ryzen 5 Quad Core 3500U,4.2,57,45490,56990
Lenovo Core i3 11th Gen,0.0,0,34499,52150
HP 14s Intel Core i5 11th Gen,4.2,18,61999,81000
Lenovo IdeaPad 3 Core i3 10th Gen,4.3,8,31990,53790
Lenovo Athlon Dual Core 3050U,0.0,0,18990,36000
DELL Inspiron Core i3 11th Gen,4.3,419,46890,58567
HP 14s Intel Core i3 11th Gen,4.3,646,47199,53000
realme Book(Slim) Intel Evo Core i5 11th Gen,4.4,7067,59990,69999
DELL Inspiron Core i5 11th Gen,4.2,76,55990,76000
Lenovo ThinkBook 13s Core i5 11th Gen,4.0,91,67990,121608
Lenovo Ryzen 5 Hexa Core 5600H,0.0,0,59490,89490
DELL Inspiron Core i3 11th Gen,4.3,1889,41490,58225
DELL Ryzen 3 Quad Core 5425U,4.4,87,35290,50837
Lenovo Ideapad Slim 5i Core i5 11th Gen,4.1,115,65999,0
Lenovo IdeaPad Gaming Core i7 10th Gen,4.5,112,75989,102090
ASUS Vivobook 14 Core i3 10th Gen,3.9,129,31990,40990
HP Pavilion Core i5 7th Gen,4.0,205,61290,0
Lenovo Intel Core i3 11th Gen,4.2,179,34490,48490
Lenovo Athlon Dual Core 3050U,0.0,0,18990,29999
HP Core i3 11th Gen,4.0,5,41999,45743
acer Gaming Core i5 11th Gen,0.0,0,62990,99999
DELL Inspiron Core i5 11th Gen,4.3,76,57990,83014
DELL Vostro Core i3 10th Gen,4.2,70,43490,60541
ASUS Vivobook S 14 Flip Ryzen 5 Hexa Core R5,0.0,0,69000,79000
DELL Core i3 11th Gen,0.0,0,43990,61408
realme Book(Slim) Intel Evo Core i5 11th Gen,4.4,7067,59990,69999
HP Core i3 11th Gen,4.2,564,40580,48476
DELL Inspiron Ryzen 3 Dual Core 3250U,4.0,5,38990,55133
ASUS Vivobook 14 Core i3 11th Gen,4.3,25,37000,49999
Lenovo Ryzen 5 Hexa Core 5600H,0.0,0,59490,89490
DELL Inspiron Ryzen 5 Dual Core 3450U,4.3,51,39990,62422
ASUS Vivobook 14 Pentium Quad Core,4.4,21,33900,39990
Lenovo Core i3 11th Gen,0.0,0,44490,59999
ASUS Ryzen 7 Dual Core 11th Gen,0.0,0,68600,89900
DELL Core i5 11th Gen,0.0,0,59340,89902
ASUS Vivobook 15 Core i5 12th Gen,3.9,8,66900,73600
HP Core i3 11th Gen,4.3,1294,40890,49599
DELL Inspiron Core i5 11th Gen,4.4,57,65999,79999
HP intel Celeron Dual Core,3.7,3,26490,31531
HP 247 G8 Ryzen 3 Quad Core,3.8,241,30399,39999
AXL Celeron Dual Core,0.0,0,18990,31990
ASUS VivoBook Ultra 14 Core i5 11th Gen,4.3,213,55241,79990
HP Victus Ryzen 5 Hexa Core 5600H,0.0,0,68990,84198
Lenovo IdeaPad 3 Core i3 11th Gen,4.3,810,38990,61590
ASUS Core i5 10th Gen,4.3,6061,47990,62990
Lenovo Intel Core i5 12th Gen,0.0,0,68300,97890
Lenovo IdeaPad 3 Core i3 11th Gen,4.3,810,38990,61590
ASUS Ryzen 7 Octa Core 10th Gen,0.0,0,102000,136990
ASUS Vivobook X515EA Core i3 11th Gen,4.2,32,36990,51990
Lenovo IdeaPad 3 Core i3 10th Gen,4.3,8,31990,53790
Lenovo Intel Core i5 12th Gen,0.0,0,68300,97890
HP Core i3 11th Gen,4.3,1362,47199,50774
DELL Ryzen 5 Quad Core,0.0,0,46290,59809
realme Book(Slim) Intel Evo Core i5 11th Gen,4.4,7067,59990,69999
HP 15s Intel Core i5 12th Gen,4.2,1284,63350,68900
ASUS Core i5 10th Gen,4.3,6061,47990,62990
DELL Core i3 11th Gen,4.0,3,41890,55890
DELL Inspiron Core i5 11th Gen,4.2,76,54490,72234
MSI GF63 Thin Core i5 9th Gen,4.5,1198,59990,72990
ASUS Vivobook 15 Ryzen 3 Dual Core AMD Ryzenâ¢ 3 3250U,4.4,100,35990,49990
Lenovo Ideapad Slim 3i (2021) Core i5 11th Gen,4.3,441,54990,75390
Lenovo Athlon Dual Core,4.0,7,21989,38000
HP 15s Core i5 11th Gen,4.4,846,59500,66523
DELL Inspiron Core i3 11th Gen,4.4,10,41990,55890
DELL Inspiron Core i5 11th Gen,0.0,0,63990,74990
ASUS VivoBook Ultra 14 Core i5 11th Gen,4.3,213,55241,79990
acer Aspire 3 Celeron Dual Core,4.5,24,26990,34990
HP MediaTek Kompanio 500,0.0,0,25999,0
Lenovo IdeaPad Gaming Ryzen 5 Hexa Core 5600H,4.0,9,67589,89490
ASUS Vivobook S14 Ryzen 5 Hexa Core Ryzen,0.0,0,61630,78990
Lenovo Thinkpad Ryzen 5 Hexa Core 5600U,4.5,50,65499,78400
Lenovo Core i3 10th Gen,3.9,119,33500,41414
DELL Core i5 11th Gen,0.0,0,54490,77168
Lenovo IdeaPad 3 Core i3 10th Gen,4.3,8,31990,53790
ASUS VivoBook K15 OLED (2022) Core i3 11th Gen,4.4,1412,55000,58990
HP Pavilion Aero Ryzen 5 Hexa Core 5600U,4.3,147,64450,89990
realme Book(Slim) Intel Evo Core i5 11th Gen,4.4,7067,59990,69999
Lenovo Core i5 11th Gen,0.0,0,61990,84190
DELL Core i3 11th Gen,0.0,0,43990,53799
HP 14s Intel Core i3 11th Gen,4.3,2938,40000,48999
Lenovo Ryzen 5 Hexa Core 5600H,0.0,0,59490,89490
HP Ryzen 3 Dual Core 3250U,4.3,3850,37250,46698
DELL Athlon Dual Core,0.0,0,33990,47489
ASUS Pentium Quad Core,0.0,0,28959,39880
DELL Inspiron Ryzen 3 Dual Core 3250U,4.2,118,38990,52602
HP 15s Ryzen 5 Quad Core 3500U,4.5,1672,45116,48471
HP Ryzen 3 Dual Core 3rd Gen,4.2,25,33490,42654
DELL Inspiron Ryzen 3 Dual Core 3250U,4.1,459,38890,49613
Lenovo IdeaPad Flex 5 Core i3 11th Gen,4.4,66,58490,82490
HP Pavilion Ryzen 5 Hexa Core 5500U,4.6,29,64990,69500
Lenovo Thinkbook Core i3 11th Gen,0.0,0,45500,89900
ASUS Asus Vivobook 15 Core i5 11th Gen,3.3,4,45980,59500
HP Pavilion Gaming Ryzen 5 Hexa Core 4600H,4.5,354,61500,75000
DELL DELL 5590 Core i5 10th Gen,0.0,0,69899,76000
acer Swift 3 Core i5 8th Gen,3.4,36,59434,65546
HP Ryzen 3 Dual Core,3.5,18,27990,43628
Lenovo IdeaPad 3 Core i3 10th Gen,4.3,8,31990,53790
Avita PURA APU Dual Core A6,3.7,1597,17990,27990
ASUS Vivobook 15 Core i5 11th Gen,0.0,0,50990,66990
Lenovo IdeaPad 3 Chromebook Celeron Dual Core,3.5,1369,19990,24840
realme Book(Slim) Intel Evo Core i5 11th Gen,4.4,7067,59990,69999
HP Intel Core i5 11th Gen,4.3,1650,61000,64011
Vaio E Series Ryzen 7 Quad Core 3700U,3.7,178,57990,76090
Nokia PureBook S14 Core i5 10th Gen,3.9,462,43990,74990
Vaio E Series Ryzen 7 Quad Core 3700U,3.7,178,52990,76090
DELL Vostro Core i3 11th Gen,3.9,2225,40500,44780
Avita Liber V14 Ryzen 5 Quad Core 3500U,4.1,2586,49990,55490
ASUS Chromebook Celeron Dual Core,3.8,1119,21990,24990
HP G8 Ryzen 3 Dual Core 3250U,3.5,39,28490,41610
Lenovo Ideapad S145 Core i3 10th Gen,4.0,811,36490,39956
HP Core i3 11th Gen,3.6,17,37990,44176
Avita Liber Core i7 10th Gen,3.8,316,51990,83390
Lenovo Ideapad S145 Ryzen 3 Dual Core 3200U,3.9,6201,30490,37190
Lenovo Ideapad 330 Ryzen 5 Quad Core 2500U,4.1,4191,29990,39577
ASUS Vivo Book Core i3 10th Gen,4.6,8,38000,42990
HP Laptop 255 G8 Notebook Ryzen 3 Dual Core AMD Ryzen 3,3.5,30,32283,39498
HP Core i3 10th Gen,4.0,45,39643,0
ASUS Asus Vivobook 15 Core i5 11th Gen,3.3,4,49990,68990
DELL Inspiron Core i5 12th Gen,0.0,0,67990,78276
HP Core i3 11th Gen,0.0,0,39676,44616
Lenovo IdeaPad 3 Core i3 10th Gen,4.3,8,31990,53790
HP 15s Intel Core i5 11th Gen,3.5,15,59980,73034
Avita Liber Core i5 7th Gen,0.0,0,65556,79990
Avita Liber Core i5 7th Gen,0.0,0,65556,79990
realme Book(Slim) Intel Evo Core i5 11th Gen,4.4,7067,59990,69999
Avita Liber Core i5 7th Gen,0.0,0,65556,79990
ASUS Ryzen 5 Quad Core 3rd Gen,3.0,5,41990,57990
Nokia PureBook S14 Core i5 11th Gen,4.0,95,47990,82990
DELL Inspiron Core i5 11th Gen,4.2,147,55990,75946
HP Chromebook MediaTek Kompanio 500,3.8,5944,20691,25451
DELL Inspiron Core i5 11th Gen,3.9,58,62490,87150
DELL INSPIRON Core i3 10th Gen,4.0,591,47899,49078
Lenovo Ideapad Slim 3i (2021) Core i5 11th Gen,4.3,553,62615,74390
Lenovo IdeaPad Core i3 10th Gen,4.2,489,38500,52250
Lenovo Ideapad 530s Core i5 8th Gen,4.4,22,59999,80000
DELL Inspiron Core i3 4th Gen,3.3,37,32000,33000
Lenovo Yoga Slim 7 Core i5 10th Gen,3.9,23,68999,101090
ASUS Ryzen 3 Dual Core 3250U,4.2,220,35500,37990
HP Pavilion 15,4.1,23,64990,68270
Lenovo Core i3 11th Gen,3.8,61,33990,39000
Lenovo Core i5 11th Gen,4.0,34,65990,97890
ASUS Core i3 10th Gen,3.3,478,30990,46990
acer Extensa 15 Pentium Quad Core,3.3,93,25490,38999
DELL Ryzen 5 Hexa Core 5625U,0.0,0,52990,70250
Lenovo IdeaPad 3 Core i3 10th Gen,4.3,8,31990,53790
ASUS Celeron Dual Core,3.7,17745,22990,30990
DELL Vostro Core i3 11th Gen,0.0,0,44490,56437
acer Aspire 5 Core i3 12th Gen,0.0,0,47990,59999
realme Book(Slim) Intel Evo Core i5 11th Gen,4.4,7067,59990,69999
Lenovo Intel Celeron Dual Core 4th Gen,2.9,93,22700,34890
DELL Vostro Core i3 11th Gen,3.1,8,44690,59781
Avita PURA APU Dual Core A6,3.7,1597,18490,27990
DELL Inspiron Core i3 11th Gen,0.0,0,45090,59550
DELL Inspiron Ryzen 3 Dual Core 3250U,3.4,30,37390,51574
acer Aspire 3 Pentium Quad Core,4.2,5783,27490,32999
ASUS Vivobook 14 Core i3 10th Gen,3.2,40,33990,42990
Lenovo APU Dual Core A9 A99425,3.7,108,25250,28000
HP Chromebook MediaTek Kompanio 500,3.8,5944,22990,25451
Lenovo Core i3 11th Gen,3.5,171,33990,45832
DELL Inspiron Ryzen 5 Hexa Core 5625U,0.0,0,53990,68782
DELL Core i3 10th Gen,3.3,122,41990,54992
acer Aspire 5 Core i5 8th Gen,4.0,75,61990,62549
DELL Core i3 10th Gen,2.9,105,46000,59101
acer Aspire 3 Core i5 10th Gen,3.3,37,49745,56491
DELL Ryzen 3 Dual Core 3250U,3.5,17,39990,53640
DELL Core i3 10th Gen,3.3,122,41990,54992
DELL Inspiron Ryzen 5 Hexa Core 5625U,0.0,0,53990,68782
DELL Ryzen 3 Dual Core 3250U,3.5,17,39990,53640
Lenovo IdeaPad 3 Core i3 10th Gen,4.3,8,31990,53790
acer Aspire 5 Core i5 8th Gen,4.0,75,61990,62549
DELL Core i3 10th Gen,2.9,105,46000,59101
Lenovo E41 APU Dual Core A6 A6,3.4,39,27490,29000
realme Book(Slim) Intel Evo Core i5 11th Gen,4.4,7067,59990,69999
Smartron t.book flex Core i5 7th Gen,3.9,28,52990,55999
Smartron t.book flex Core i5 7th Gen,3.5,30,53490,55999
HP Chromebook MediaTek Kompanio 500,3.8,5944,22990,25451
Lenovo Ryzen 5 Hexa Core 5600H,0.0,0,59490,89490
acer Aspire 3 Core i3 8th Gen,4.0,1080,34002,44999
DELL Inspiron Core i5 11th Gen,4.2,166,67990,101639
Lenovo IdeaPad 1 Celeron Dual Core,3.8,13,24499,32090
ASUS VivoBook 15 (2021) Core i3 11th Gen,3.7,368,34250,49990
ASUS Core i3 10th Gen,4.4,1969,33990,50990
HP Pavilion Gaming Ryzen 5 Hexa Core AMD R5,4.1,1617,62990,68192
Lenovo IdeaPad Gaming 3 Core i5 11th Gen,3.9,117,57990,92320
Infinix INBook X2 Plus Core i3 11th Gen,4.1,146,40990,49990
DELL Inspiron Ryzen 3 Dual Core 3250U,4.5,4,40790,50132
MSI Core i3 12th Gen,0.0,0,45490,58990
ASUS Core i3 10th Gen,4.7,12,33990,45499
HP Pavilion Ryzen 5 Hexa Core 5625U,4.5,199,63990,72536
